{
  "model_name": "ConvNeXt-Tiny",
  "timestamp": "20251207_164453",
  "device": "cpu",
  "config": {
    "num_classes": 37,
    "input_size": 224,
    "data_dir": "Data",
    "annotations_file": "Data/annotations/list.txt",
    "images_dir": "Data/images",
    "batch_size": 64,
    "learning_rate": 0.0005,
    "num_epochs": 10,
    "weight_decay": 0.0001,
    "momentum": 0.9,
    "warmup_epochs": 1,
    "train_seed": 42,
    "use_synthetic_as_fallback": true,
    "freeze_backbone": true,
    "enable_mixed_precision": true,
    "models_to_train": [
      "ResNet-34",
      "EfficientNet-B0",
      "ConvNeXt-Tiny",
      "MobileNet-V3-Large"
    ],
    "num_workers": 2,
    "prefetch_factor": 2,
    "pin_memory": true,
    "persistent_workers": false,
    "auto_adjust_workers": true,
    "run_benchmark": false,
    "benchmark_iterations": 5,
    "profile_memory": false,
    "measure_inference_time": false,
    "analyze_gradients": false,
    "save_plots": true,
    "plot_style": "seaborn",
    "figure_dpi": 200
  },
  "training_history": {
    "train_loss": [
      1.7269697356642337,
      0.4508445448519891,
      0.30163560964559255,
      0.24389018386340977,
      0.21354192717556367,
      0.19215443664998338,
      0.17683503378117293,
      0.16384426027274968,
      0.1548697172680445,
      0.14594780830176254
    ],
    "train_acc": [
      75.21929824561404,
      92.3656798245614,
      93.55811403508773,
      94.39418859649123,
      94.64089912280701,
      94.88760964912281,
      95.51809210526316,
      95.87445175438596,
      95.86074561403508,
      95.95668859649123
    ],
    "val_loss": [
      0.48013284932012146,
      0.24064093828201294,
      0.18175598071969074,
      0.15220118994298187,
      0.13434595711853192,
      0.12107408629811328,
      0.10909553017953168,
      0.10294523478850075,
      0.09361354164455248,
      0.08753309722827829
    ],
    "val_acc": [
      93.05650102110279,
      94.34989788972089,
      95.3710006807352,
      95.91558883594281,
      96.32402995234854,
      96.5282505105514,
      96.93669162695711,
      97.27705922396188,
      97.48127978216473,
      97.41320626276378
    ],
    "learning_rates": [
      0.0005,
      0.0005,
      0.0005,
      0.0005,
      0.0005,
      0.0005,
      0.0005,
      0.0005,
      0.0005,
      0.0005
    ],
    "epoch_times": [
      486.51119089126587,
      520.1450479030609,
      466.49430203437805,
      484.10838294029236,
      516.8194341659546,
      535.1794810295105,
      563.363358259201,
      536.4410569667816,
      487.45500206947327,
      498.73916506767273
    ],
    "memory_usage": [
      0,
      0,
      0,
      0,
      0,
      0,
      0,
      0,
      0,
      0
    ]
  },
  "training_summary": {
    "model_name": "ConvNeXt-Tiny",
    "epochs_trained": 10,
    "final_train_acc": 95.95668859649123,
    "final_val_acc": 97.41320626276378,
    "best_train_acc": 95.95668859649123,
    "best_val_acc": 97.48127978216473,
    "total_training_time": 5095.256421327591,
    "avg_epoch_time": 509.5256421327591,
    "final_lr": 0.0005,
    "max_memory_usage": 0
  },
  "training_results": {
    "model_name": "ConvNeXt-Tiny",
    "epochs_trained": 10,
    "final_train_acc": 95.95668859649123,
    "final_val_acc": 97.41320626276378,
    "best_train_acc": 95.95668859649123,
    "best_val_acc": 97.48127978216473,
    "total_training_time": 5095.256421327591,
    "avg_epoch_time": 509.5256421327591,
    "final_lr": 0.0005,
    "max_memory_usage": 0
  },
  "model_info": {
    "total_parameters": 27848581,
    "trainable_parameters": 28453,
    "model_size_mb": 111.394324
  }
}