{
  "model_name": "EfficientNet-B0",
  "timestamp": "20251207_164453",
  "device": "cpu",
  "config": {
    "num_classes": 37,
    "input_size": 224,
    "data_dir": "Data",
    "annotations_file": "Data/annotations/list.txt",
    "images_dir": "Data/images",
    "batch_size": 64,
    "learning_rate": 0.0005,
    "num_epochs": 10,
    "weight_decay": 0.0001,
    "momentum": 0.9,
    "warmup_epochs": 1,
    "train_seed": 42,
    "use_synthetic_as_fallback": true,
    "freeze_backbone": true,
    "enable_mixed_precision": true,
    "models_to_train": [
      "ResNet-34",
      "EfficientNet-B0",
      "ConvNeXt-Tiny",
      "MobileNet-V3-Large"
    ],
    "num_workers": 2,
    "prefetch_factor": 2,
    "pin_memory": true,
    "persistent_workers": false,
    "auto_adjust_workers": true,
    "run_benchmark": false,
    "benchmark_iterations": 5,
    "profile_memory": false,
    "measure_inference_time": false,
    "analyze_gradients": false,
    "save_plots": true,
    "plot_style": "seaborn",
    "figure_dpi": 200
  },
  "training_history": {
    "train_loss": [
      2.566046370748888,
      1.402008295059204,
      0.994620052346012,
      0.8354482645528358,
      0.7532455502894887,
      0.6707582071162107,
      0.628193681438764,
      0.5946131207441029,
      0.5641696382510034,
      0.5369693655193898
    ],
    "train_acc": [
      51.740679824561404,
      76.05537280701755,
      80.04385964912281,
      81.26370614035088,
      81.83936403508773,
      84.00493421052632,
      84.26535087719299,
      84.9780701754386,
      85.2110745614035,
      86.1156798245614
    ],
    "val_loss": [
      1.5567505515140037,
      0.9099096629930579,
      0.6549958599650342,
      0.5505994014118029,
      0.4835392819798511,
      0.43583560767381085,
      0.39951667189598083,
      0.3743679193050965,
      0.34160559397676715,
      0.3265103464541228
    ],
    "val_acc": [
      82.77739959155889,
      86.6575901974132,
      88.35942818243703,
      89.10823689584751,
      89.72089857045609,
      90.19741320626277,
      90.40163376446563,
      91.62695711368278,
      91.96732471068755,
      92.1715452688904
    ],
    "learning_rates": [
      0.0005,
      0.0005,
      0.0005,
      0.0005,
      0.0005,
      0.0005,
      0.0005,
      0.0005,
      0.0005,
      0.0005
    ],
    "epoch_times": [
      441.52850818634033,
      435.5936641693115,
      438.1789782047272,
      436.0581588745117,
      435.3210799694061,
      441.009840965271,
      455.0262773036957,
      452.4946758747101,
      474.77472400665283,
      487.6553018093109
    ],
    "memory_usage": [
      0,
      0,
      0,
      0,
      0,
      0,
      0,
      0,
      0,
      0
    ]
  },
  "training_summary": {
    "model_name": "EfficientNet-B0",
    "epochs_trained": 10,
    "final_train_acc": 86.1156798245614,
    "final_val_acc": 92.1715452688904,
    "best_train_acc": 86.1156798245614,
    "best_val_acc": 92.1715452688904,
    "total_training_time": 4497.641209363937,
    "avg_epoch_time": 449.76412093639374,
    "final_lr": 0.0005,
    "max_memory_usage": 0
  },
  "training_results": {
    "model_name": "EfficientNet-B0",
    "epochs_trained": 10,
    "final_train_acc": 86.1156798245614,
    "final_val_acc": 92.1715452688904,
    "best_train_acc": 86.1156798245614,
    "best_val_acc": 92.1715452688904,
    "total_training_time": 4497.641209363937,
    "avg_epoch_time": 449.76412093639374,
    "final_lr": 0.0005,
    "max_memory_usage": 0
  },
  "model_info": {
    "total_parameters": 4054945,
    "trainable_parameters": 47397,
    "model_size_mb": 16.21978
  }
}