{
  "model_name": "MobileNet-V3-Large",
  "timestamp": "20251207_164453",
  "device": "cpu",
  "config": {
    "num_classes": 37,
    "input_size": 224,
    "data_dir": "Data",
    "annotations_file": "Data/annotations/list.txt",
    "images_dir": "Data/images",
    "batch_size": 64,
    "learning_rate": 0.0005,
    "num_epochs": 10,
    "weight_decay": 0.0001,
    "momentum": 0.9,
    "warmup_epochs": 1,
    "train_seed": 42,
    "use_synthetic_as_fallback": true,
    "freeze_backbone": true,
    "enable_mixed_precision": true,
    "models_to_train": [
      "ResNet-34",
      "EfficientNet-B0",
      "ConvNeXt-Tiny",
      "MobileNet-V3-Large"
    ],
    "num_workers": 2,
    "prefetch_factor": 2,
    "pin_memory": true,
    "persistent_workers": false,
    "auto_adjust_workers": true,
    "run_benchmark": false,
    "benchmark_iterations": 5,
    "profile_memory": false,
    "measure_inference_time": false,
    "analyze_gradients": false,
    "save_plots": true,
    "plot_style": "seaborn",
    "figure_dpi": 200
  },
  "training_history": {
    "train_loss": [
      2.1298392247735407,
      1.0018690699025203,
      0.7419377858178657,
      0.6235141973746451,
      0.5523508444689867,
      0.4928819856099915,
      0.45999881128470105,
      0.4252778647238748,
      0.389327200619798,
      0.3734194436355641
    ],
    "train_acc": [
      55.89364035087719,
      79.12554824561404,
      82.5657894736842,
      84.58059210526316,
      86.21162280701755,
      87.47258771929825,
      88.02083333333333,
      88.84320175438596,
      89.81633771929825,
      90.11787280701755
    ],
    "val_loss": [
      0.7563908022382985,
      0.5147825829360796,
      0.4290089367524437,
      0.37107744683390076,
      0.3286424214425294,
      0.29510895648728247,
      0.2650003854347312,
      0.2462834832460984,
      0.22727999836206436,
      0.20977899335000827
    ],
    "val_acc": [
      85.29611980939414,
      87.95098706603132,
      89.04016337644656,
      90.60585432266848,
      91.96732471068755,
      92.10347174948944,
      93.3287950987066,
      93.53301565690946,
      94.41797140912185,
      94.4860449285228
    ],
    "learning_rates": [
      0.0005,
      0.0005,
      0.0005,
      0.0005,
      0.0005,
      0.0005,
      0.0005,
      0.0005,
      0.0005,
      0.0005
    ],
    "epoch_times": [
      311.8901779651642,
      309.8037700653076,
      321.03528785705566,
      321.78039288520813,
      306.9674029350281,
      299.801796913147,
      386.5307412147522,
      324.7947790622711,
      295.7734761238098,
      292.1628580093384
    ],
    "memory_usage": [
      0,
      0,
      0,
      0,
      0,
      0,
      0,
      0,
      0,
      0
    ]
  },
  "training_summary": {
    "model_name": "MobileNet-V3-Large",
    "epochs_trained": 10,
    "final_train_acc": 90.11787280701755,
    "final_val_acc": 94.4860449285228,
    "best_train_acc": 90.11787280701755,
    "best_val_acc": 94.4860449285228,
    "total_training_time": 3170.540683031082,
    "avg_epoch_time": 317.05406830310824,
    "final_lr": 0.0005,
    "max_memory_usage": 0
  },
  "training_results": {
    "model_name": "MobileNet-V3-Large",
    "epochs_trained": 10,
    "final_train_acc": 90.11787280701755,
    "final_val_acc": 94.4860449285228,
    "best_train_acc": 90.11787280701755,
    "best_val_acc": 94.4860449285228,
    "total_training_time": 3170.540683031082,
    "avg_epoch_time": 317.05406830310824,
    "final_lr": 0.0005,
    "max_memory_usage": 0
  },
  "model_info": {
    "total_parameters": 4249429,
    "trainable_parameters": 47397,
    "model_size_mb": 16.997716
  }
}