{
  "model_name": "ResNet-34",
  "timestamp": "20251207_164453",
  "device": "cpu",
  "config": {
    "num_classes": 37,
    "input_size": 224,
    "data_dir": "Data",
    "annotations_file": "Data/annotations/list.txt",
    "images_dir": "Data/images",
    "batch_size": 64,
    "learning_rate": 0.0005,
    "num_epochs": 10,
    "weight_decay": 0.0001,
    "momentum": 0.9,
    "warmup_epochs": 1,
    "train_seed": 42,
    "use_synthetic_as_fallback": true,
    "freeze_backbone": true,
    "enable_mixed_precision": true,
    "models_to_train": [
      "ResNet-34",
      "EfficientNet-B0",
      "ConvNeXt-Tiny",
      "MobileNet-V3-Large"
    ],
    "num_workers": 2,
    "prefetch_factor": 2,
    "pin_memory": true,
    "persistent_workers": false,
    "auto_adjust_workers": true,
    "run_benchmark": false,
    "benchmark_iterations": 5,
    "profile_memory": false,
    "measure_inference_time": false,
    "analyze_gradients": false,
    "save_plots": true,
    "plot_style": "seaborn",
    "figure_dpi": 200
  },
  "training_history": {
    "train_loss": [
      2.3199319525768884,
      0.9532232138148525,
      0.6341418158589748,
      0.5122951687427989,
      0.4456651033016673,
      0.40184597422679263,
      0.3739950952299854,
      0.35462500181114465,
      0.34074180743150545,
      0.3305841296126968
    ],
    "train_acc": [
      49.94517543859649,
      81.93530701754386,
      85.70449561403508,
      87.33552631578948,
      88.19901315789474,
      89.04879385964912,
      89.65186403508773,
      89.73410087719299,
      90.24122807017544,
      90.35087719298245
    ],
    "val_loss": [
      1.178505848283353,
      0.6013829448948735,
      0.44863924643267755,
      0.3657960567785346,
      0.3151774736850158,
      0.2959975872350776,
      0.27806382723476575,
      0.2537581117256828,
      0.24327367349811221,
      0.23244931646015332
    ],
    "val_acc": [
      82.57317903335603,
      88.42750170183798,
      89.10823689584751,
      91.42273655547991,
      92.3076923076923,
      91.83117767188564,
      91.96732471068755,
      92.64805990469708,
      92.92035398230088,
      93.1926480599047
    ],
    "learning_rates": [
      0.0005,
      0.0005,
      0.0005,
      0.0005,
      0.0005,
      0.0005,
      0.0005,
      0.0005,
      0.0005,
      0.0005
    ],
    "epoch_times": [
      261.48027300834656,
      285.76729106903076,
      290.02927899360657,
      297.79749727249146,
      297.3445179462433,
      300.960312128067,
      301.83897614479065,
      301.52890372276306,
      297.92393684387207,
      299.56293296813965
    ],
    "memory_usage": [
      0,
      0,
      0,
      0,
      0,
      0,
      0,
      0,
      0,
      0
    ]
  },
  "training_summary": {
    "model_name": "ResNet-34",
    "epochs_trained": 10,
    "final_train_acc": 90.35087719298245,
    "final_val_acc": 93.1926480599047,
    "best_train_acc": 90.35087719298245,
    "best_val_acc": 93.1926480599047,
    "total_training_time": 2934.233920097351,
    "avg_epoch_time": 293.4233920097351,
    "final_lr": 0.0005,
    "max_memory_usage": 0
  },
  "training_results": {
    "model_name": "ResNet-34",
    "epochs_trained": 10,
    "final_train_acc": 90.35087719298245,
    "final_val_acc": 93.1926480599047,
    "best_train_acc": 90.35087719298245,
    "best_val_acc": 93.1926480599047,
    "total_training_time": 2934.233920097351,
    "avg_epoch_time": 293.4233920097351,
    "final_lr": 0.0005,
    "max_memory_usage": 0
  },
  "model_info": {
    "total_parameters": 21303653,
    "trainable_parameters": 18981,
    "model_size_mb": 85.214612
  }
}